timestamp,role,content,city
2026-03-03 17:39:55,user,"What's the weather in Los Angeles?
",New York
============================================================
Timestamp   : 2026-03-03 17:39:58
Source      : Agent
User Query  : What's the weather in Los Angeles?

Bot Response: The current weather in Los Angeles is **Sunny** with a temperature of **75.7°F** (24.3°C) and a humidity of **39%**. The wind is blowing at **13.0 kph**. For the next 24 hours, the weather forecast shows a mix of sunny, clear, and partly cloudy conditions, with temperatures ranging from **12.0°C** to **18.2°C** (53.6°F to 64.6°F). There is no chance of rain in the forecast.
============================================================

2026-03-03 17:39:58,assistant,"The current weather in Los Angeles is **Sunny** with a temperature of **75.7°F** (24.3°C) and a humidity of **39%**. The wind is blowing at **13.0 kph**. For the next 24 hours, the weather forecast shows a mix of sunny, clear, and partly cloudy conditions, with temperatures ranging from **12.0°C** to **18.2°C** (53.6°F to 64.6°F). There is no chance of rain in the forecast.",New York
2026-03-03 17:41:16,user,"Medium complexity — type: Should I go hiking in San Francisco this weekend?

",New York
============================================================
Timestamp   : 2026-03-03 17:41:18
Source      : Agent
User Query  : Medium complexity — type: Should I go hiking in San Francisco this weekend?


Bot Response: Based on the current weather conditions in San Francisco, with a temperature of 17.2°C (63.0°F) and partly cloudy skies, it seems like a good day for hiking. Additionally, the historical analysis shows that San Francisco typically has mild temperatures, with an average temperature of 58.1°F, and the most common condition being clear skies. However, it's always a good idea to check the forecast again before heading out. Considering the data, it appears that this weekend could be a good time for hiking in San Francisco, but be sure to pack layers and check the forecast for any updates.
============================================================

2026-03-03 17:41:18,assistant,"Based on the current weather conditions in San Francisco, with a temperature of 17.2°C (63.0°F) and partly cloudy skies, it seems like a good day for hiking. Additionally, the historical analysis shows that San Francisco typically has mild temperatures, with an average temperature of 58.1°F, and the most common condition being clear skies. However, it's always a good idea to check the forecast again before heading out. Considering the data, it appears that this weekend could be a good time for hiking in San Francisco, but be sure to pack layers and check the forecast for any updates.",New York
2026-03-03 17:42:37,user,"Should I go hiking in San Francisco this weekend?

",New York
============================================================
Timestamp   : 2026-03-03 17:42:39
Source      : Agent
User Query  : Should I go hiking in San Francisco this weekend?


Bot Response: Based on the current weather conditions, with a temperature of 17.2°C (63.0°F) and partly cloudy skies, it seems like a good day for hiking in San Francisco. Historically, the average temperature in San Francisco is around 58.1°F, with the most common condition being clear skies. However, considering the current weather forecast is not available, it's essential to check for updates before heading out. Overall, if the weather remains stable, hiking this weekend could be a great idea, but be sure to pack layers for potential changes in temperature and conditions.
============================================================

2026-03-03 17:42:39,assistant,"Based on the current weather conditions, with a temperature of 17.2°C (63.0°F) and partly cloudy skies, it seems like a good day for hiking in San Francisco. Historically, the average temperature in San Francisco is around 58.1°F, with the most common condition being clear skies. However, considering the current weather forecast is not available, it's essential to check for updates before heading out. Overall, if the weather remains stable, hiking this weekend could be a great idea, but be sure to pack layers for potential changes in temperature and conditions.",New York
2026-03-03 17:42:47,user,"Should I go hiking in San Francisco this weekend?

",New York
============================================================
Timestamp   : 2026-03-03 17:42:49
Source      : Agent
User Query  : Should I go hiking in San Francisco this weekend?


Bot Response: Based on the current weather conditions, with a temperature of 17.2°C (63.0°F) and partly cloudy skies, it seems like a good day for hiking in San Francisco. Additionally, the historical analysis shows that the average temperature in San Francisco is around 58.1°F, with the most common condition being clear skies. However, it's always a good idea to check the forecast again before heading out, as conditions can change. Considering the current conditions and historical data, it appears to be a good weekend for hiking in San Francisco.
============================================================

2026-03-03 17:42:49,assistant,"Based on the current weather conditions, with a temperature of 17.2°C (63.0°F) and partly cloudy skies, it seems like a good day for hiking in San Francisco. Additionally, the historical analysis shows that the average temperature in San Francisco is around 58.1°F, with the most common condition being clear skies. However, it's always a good idea to check the forecast again before heading out, as conditions can change. Considering the current conditions and historical data, it appears to be a good weekend for hiking in San Francisco.",New York
2026-03-03 17:43:43,user,"Compare weather in Los Angeles and San Diego and recommend the best for outdoor activities

",New York
============================================================
Timestamp   : 2026-03-03 17:43:45
Source      : Agent
User Query  : Compare weather in Los Angeles and San Diego and recommend the best for outdoor activities


Bot Response: Based on the comparison of current weather conditions and historical analysis, **Los Angeles** is recommended for outdoor activities. With an average temperature of 66.7°C, clear skies, and 0% rainy days, Los Angeles offers more favorable conditions for outdoor activities compared to San Diego, which has a higher percentage of rainy days (81.7%) and a lower average temperature (64.0°C). The current weather conditions also show that Los Angeles has a higher temperature (24.3°C) and lower humidity (39%) than San Diego (18.9°C and 61% humidity), making it a better choice for outdoor activities.
============================================================

2026-03-03 17:43:45,assistant,"Based on the comparison of current weather conditions and historical analysis, **Los Angeles** is recommended for outdoor activities. With an average temperature of 66.7°C, clear skies, and 0% rainy days, Los Angeles offers more favorable conditions for outdoor activities compared to San Diego, which has a higher percentage of rainy days (81.7%) and a lower average temperature (64.0°C). The current weather conditions also show that Los Angeles has a higher temperature (24.3°C) and lower humidity (39%) than San Diego (18.9°C and 61% humidity), making it a better choice for outdoor activities.",New York
